sous_titre,titre
March,The Royal Escort
As Recorded by Queen,Don't Stop Me Now
Stock per warehouse,Abba Gold
Stock per warehouse,Essential Elements 1 - pour clarinette Sib
Stock per warehouse,Selections from The Greatest Showman
Stock per warehouse,Essential Elements 1 - pour trombone en Ut
as performed by The White Stripes,Seven Nation Army
Stock per warehouse,Palladio
from The Greatest Showman,A Million Dreams (from The Greatest Showman)
Die komplette Methode für den Musikunterricht in Schulen und Blasorchestern,Essential Elements Band 1 - für Horn
Stock per warehouse,Majestic Entrance
The Fastest Mouse in all Mexico,Speedy Gonzales
For Vocal Solo or opt. Instrumental Solo with Band,Moon River
As performed by Queen,We Will Rock You
Folk Songs from Around the World,Evening Rise
includes 25 choir parts,Ameno
Die komplette Methode für den Musikunterricht in Schulen und Blasorchestern,Essential Elements Band 1 - für Bariton (BC)
Die komplette Methode für den Musikunterricht in Schulen und Blasorchestern,Essential Elements Band 1 - für Klarinette Boehm
Die komplette Methode für den Musikunterricht in Schulen und Blasorchestern,Essential Elements Band 1 - für Schlagzeug
Stock per warehouse,Barbie Girl
Stock per warehouse,Barbie Girl
Stock per warehouse,Motherless Child
The Fastest Mouse in all Mexico,Speedy Gonzales
Die komplette Methode für den Musikunterricht in Schulen und Blasorchestern,Essential Elements Band 1 - für Altsaxophon
Die komplette Methode für den Musikunterricht in Schulen und Blasorchestern,Essential Elements Band 1 - für Trompete
